-- MySQL dump 10.13  Distrib 8.0.41, for Win64 (x86_64)
--
-- Host: localhost    Database: notflixdb
-- ------------------------------------------------------
-- Server version	8.0.41

/*!40101 SET @OLD_CHARACTER_SET_CLIENT=@@CHARACTER_SET_CLIENT */;
/*!40101 SET @OLD_CHARACTER_SET_RESULTS=@@CHARACTER_SET_RESULTS */;
/*!40101 SET @OLD_COLLATION_CONNECTION=@@COLLATION_CONNECTION */;
/*!50503 SET NAMES utf8 */;
/*!40103 SET @OLD_TIME_ZONE=@@TIME_ZONE */;
/*!40103 SET TIME_ZONE='+00:00' */;
/*!40014 SET @OLD_UNIQUE_CHECKS=@@UNIQUE_CHECKS, UNIQUE_CHECKS=0 */;
/*!40014 SET @OLD_FOREIGN_KEY_CHECKS=@@FOREIGN_KEY_CHECKS, FOREIGN_KEY_CHECKS=0 */;
/*!40101 SET @OLD_SQL_MODE=@@SQL_MODE, SQL_MODE='NO_AUTO_VALUE_ON_ZERO' */;
/*!40111 SET @OLD_SQL_NOTES=@@SQL_NOTES, SQL_NOTES=0 */;

--
-- Table structure for table `comments`
--

DROP TABLE IF EXISTS `comments`;
/*!40101 SET @saved_cs_client     = @@character_set_client */;
/*!50503 SET character_set_client = utf8mb4 */;
CREATE TABLE `comments` (
  `AccountID` int NOT NULL,
  `SeriesID` int NOT NULL,
  `Content` varchar(300) DEFAULT NULL,
  `DateCreated` date DEFAULT NULL,
  PRIMARY KEY (`AccountID`,`SeriesID`),
  KEY `SeriesID` (`SeriesID`),
  CONSTRAINT `comments_ibfk_1` FOREIGN KEY (`AccountID`) REFERENCES `users` (`AccountID`),
  CONSTRAINT `comments_ibfk_2` FOREIGN KEY (`SeriesID`) REFERENCES `media` (`SeriesID`)
) ENGINE=InnoDB DEFAULT CHARSET=utf8mb4 COLLATE=utf8mb4_0900_ai_ci;
/*!40101 SET character_set_client = @saved_cs_client */;

--
-- Dumping data for table `comments`
--

LOCK TABLES `comments` WRITE;
/*!40000 ALTER TABLE `comments` DISABLE KEYS */;
/*!40000 ALTER TABLE `comments` ENABLE KEYS */;
UNLOCK TABLES;

--
-- Table structure for table `episode`
--

DROP TABLE IF EXISTS `episode`;
/*!40101 SET @saved_cs_client     = @@character_set_client */;
/*!50503 SET character_set_client = utf8mb4 */;
CREATE TABLE `episode` (
  `SeriesID` int NOT NULL,
  `SeasonID` int NOT NULL,
  `EpisodeID` int NOT NULL,
  `EpisodeTitle` varchar(50) DEFAULT NULL,
  `Length` varchar(7) DEFAULT NULL,
  `Available` tinyint(1) DEFAULT '0',
  `URL` varchar(255) DEFAULT NULL,
  PRIMARY KEY (`SeriesID`,`SeasonID`,`EpisodeID`),
  KEY `SeasonID` (`SeasonID`),
  KEY `watchlist_ibfk_4` (`EpisodeID`),
  CONSTRAINT `Episode_ibfk_1` FOREIGN KEY (`SeriesID`) REFERENCES `media` (`SeriesID`),
  CONSTRAINT `Episode_ibfk_2` FOREIGN KEY (`SeasonID`) REFERENCES `season` (`SeasonID`)
) ENGINE=InnoDB DEFAULT CHARSET=utf8mb4 COLLATE=utf8mb4_0900_ai_ci;
/*!40101 SET character_set_client = @saved_cs_client */;

--
-- Dumping data for table `episode`
--

LOCK TABLES `episode` WRITE;
/*!40000 ALTER TABLE `episode` DISABLE KEYS */;
INSERT INTO `episode` VALUES (1,0,1,'testmovie','1h 24m',1,'http://notflix.com/videos/examplemovie.mp4'),(2,0,1,'a second movie','0h 0m',1,'http://notflix.com/'),(3,1,1,'the fisrt episode','45m',1,'http://notflix.com/videos/S1E1.mp4'),(3,1,2,'episode 2','45m',1,NULL),(3,1,3,'and another','45m',1,NULL),(3,1,4,'end','45m',1,NULL),(3,2,1,'welcome to season 2','45m',1,NULL),(3,2,2,'it continue','45m',1,'http://notflix.com/videos/S1E1.mp4'),(3,2,3,'almost done','45m',1,NULL),(3,2,4,'the end','45m',1,NULL);
/*!40000 ALTER TABLE `episode` ENABLE KEYS */;
UNLOCK TABLES;

--
-- Table structure for table `media`
--

DROP TABLE IF EXISTS `media`;
/*!40101 SET @saved_cs_client     = @@character_set_client */;
/*!50503 SET character_set_client = utf8mb4 */;
CREATE TABLE `media` (
  `SeriesID` int NOT NULL AUTO_INCREMENT,
  `Title` varchar(50) DEFAULT NULL,
  `Description` varchar(100) DEFAULT NULL,
  `ReleaseYear` int DEFAULT NULL,
  `Length` varchar(7) DEFAULT NULL,
  `NOS` int DEFAULT '0',
  `Available` tinyint(1) DEFAULT '0',
  `Poster` varchar(255) DEFAULT 'http://notflix.com/imgs/default.jpg',
  PRIMARY KEY (`SeriesID`),
  CONSTRAINT `media_chk_1` CHECK ((`NOS` >= 0))
) ENGINE=InnoDB AUTO_INCREMENT=102 DEFAULT CHARSET=utf8mb4 COLLATE=utf8mb4_0900_ai_ci;
/*!40101 SET character_set_client = @saved_cs_client */;

--
-- Dumping data for table `media`
--

LOCK TABLES `media` WRITE;
/*!40000 ALTER TABLE `media` DISABLE KEYS */;
INSERT INTO `media` VALUES (1,'testmovie','this is a desc',1993,'1h 24m',0,1,'http://notflix.com/imgs/xfiles.jpg'),(2,'a second movie','a movie that is a sequl to the not aclaimed \"testmovie\"',2024,'0h 0m',0,1,'http://notflix.com/imgs/default.jpg'),(3,'the series','the spin off series of the underaarated testmovie series',2025,'99h 99m',2,1,'http://notflix.com/imgs/show.jpg');
/*!40000 ALTER TABLE `media` ENABLE KEYS */;
UNLOCK TABLES;

--
-- Table structure for table `season`
--

DROP TABLE IF EXISTS `season`;
/*!40101 SET @saved_cs_client     = @@character_set_client */;
/*!50503 SET character_set_client = utf8mb4 */;
CREATE TABLE `season` (
  `seriesID` int NOT NULL,
  `SeasonID` int NOT NULL,
  `NOE` int DEFAULT NULL,
  PRIMARY KEY (`seriesID`,`SeasonID`),
  KEY `idx_seasonid` (`SeasonID`),
  CONSTRAINT `Season_ibfk_1` FOREIGN KEY (`seriesID`) REFERENCES `media` (`SeriesID`)
) ENGINE=InnoDB DEFAULT CHARSET=utf8mb4 COLLATE=utf8mb4_0900_ai_ci;
/*!40101 SET character_set_client = @saved_cs_client */;

--
-- Dumping data for table `season`
--

LOCK TABLES `season` WRITE;
/*!40000 ALTER TABLE `season` DISABLE KEYS */;
INSERT INTO `season` VALUES (1,0,1),(2,0,1),(3,1,4),(3,2,4);
/*!40000 ALTER TABLE `season` ENABLE KEYS */;
UNLOCK TABLES;

--
-- Table structure for table `users`
--

DROP TABLE IF EXISTS `users`;
/*!40101 SET @saved_cs_client     = @@character_set_client */;
/*!50503 SET character_set_client = utf8mb4 */;
CREATE TABLE `users` (
  `AccountID` int NOT NULL AUTO_INCREMENT,
  `Username` varchar(20) NOT NULL,
  `Password_hash` varchar(255) DEFAULT NULL,
  `DateCreated` date DEFAULT NULL,
  `Salt` varbinary(16) DEFAULT NULL,
  PRIMARY KEY (`AccountID`)
) ENGINE=InnoDB AUTO_INCREMENT=3 DEFAULT CHARSET=utf8mb4 COLLATE=utf8mb4_0900_ai_ci;
/*!40101 SET character_set_client = @saved_cs_client */;

--
-- Dumping data for table `users`
--

LOCK TABLES `users` WRITE;
/*!40000 ALTER TABLE `users` DISABLE KEYS */;
INSERT INTO `users` VALUES (2,'seb','$2y$12$GeFQG3gDGUXYhREh/ClrIelaim/zv5Ivezbi5Mp146Irgg4AF9CZG','2025-02-28',_binary '\å)to™1\ÌEhºN_˜¹½');
/*!40000 ALTER TABLE `users` ENABLE KEYS */;
UNLOCK TABLES;

--
-- Table structure for table `watchlist`
--

DROP TABLE IF EXISTS `watchlist`;
/*!40101 SET @saved_cs_client     = @@character_set_client */;
/*!50503 SET character_set_client = utf8mb4 */;
CREATE TABLE `watchlist` (
  `AccountID` int NOT NULL,
  `SeriesID` int NOT NULL,
  `SeasonID` int NOT NULL,
  `EpisodeID` int NOT NULL,
  `PostDate` timestamp NULL DEFAULT CURRENT_TIMESTAMP ON UPDATE CURRENT_TIMESTAMP,
  PRIMARY KEY (`AccountID`,`SeriesID`,`SeasonID`,`EpisodeID`),
  KEY `SeriesID` (`SeriesID`),
  KEY `SeasonID` (`SeasonID`),
  KEY `EpisodeID` (`EpisodeID`),
  CONSTRAINT `watchlist_ibfk_1` FOREIGN KEY (`AccountID`) REFERENCES `users` (`AccountID`),
  CONSTRAINT `watchlist_ibfk_2` FOREIGN KEY (`SeriesID`) REFERENCES `episode` (`SeriesID`),
  CONSTRAINT `watchlist_ibfk_3` FOREIGN KEY (`SeasonID`) REFERENCES `episode` (`SeasonID`),
  CONSTRAINT `watchlist_ibfk_4` FOREIGN KEY (`EpisodeID`) REFERENCES `episode` (`EpisodeID`)
) ENGINE=InnoDB DEFAULT CHARSET=utf8mb4 COLLATE=utf8mb4_0900_ai_ci;
/*!40101 SET character_set_client = @saved_cs_client */;

--
-- Dumping data for table `watchlist`
--

LOCK TABLES `watchlist` WRITE;
/*!40000 ALTER TABLE `watchlist` DISABLE KEYS */;
/*!40000 ALTER TABLE `watchlist` ENABLE KEYS */;
UNLOCK TABLES;
/*!40103 SET TIME_ZONE=@OLD_TIME_ZONE */;

/*!40101 SET SQL_MODE=@OLD_SQL_MODE */;
/*!40014 SET FOREIGN_KEY_CHECKS=@OLD_FOREIGN_KEY_CHECKS */;
/*!40014 SET UNIQUE_CHECKS=@OLD_UNIQUE_CHECKS */;
/*!40101 SET CHARACTER_SET_CLIENT=@OLD_CHARACTER_SET_CLIENT */;
/*!40101 SET CHARACTER_SET_RESULTS=@OLD_CHARACTER_SET_RESULTS */;
/*!40101 SET COLLATION_CONNECTION=@OLD_COLLATION_CONNECTION */;
/*!40111 SET SQL_NOTES=@OLD_SQL_NOTES */;

-- Dump completed on 2025-02-28 16:44:13
